Back Number,Rank,Couple Name,Country,Dance Score
11,1,Dmitry_Zharkov/Olga_Kulikova,RUS,38.67
161,2,Evaldas_Sodeika/Ieva_Zukauskaite,LTU,38.33
162,3,Francesco_Galupoo?/Debora_Pacini?,ITA,38.08
5,4,Evgeny_Moshenin/Dana_Spitsyna,RUS,37.75
10,5,Alexey_Glukhov/Anastasiia_Glazunova,RUS,37.17
174,6,Edgars_Linis/Eliza_Ancane,LVA,36.67
28,7,Madis_Abel/Aleksandra_Galkina,EST,36.42
6,8,Evgeny_Nikitin/Anastasia_Miliutina,RUS,36.25
14,9,Tomas_Fainsil/Violetta_Posmetnaya,GER,36.17
165,10,Vadim_Shurin/Anastasia_Meshkova,LVA,36.08
166,11,Vasily_Kirin/Ekaterina_Prozorova,AUT,36.00
20,14,Dariusz_Mycka/Madara_Freiberga,POL,35.83
13,12,Anton_Skuratov/Alena_Uehlin,GER,35.67
59,13,Yuming_Qiu?/Liying_Wei?,CHN,35.58
25,15,Daniil_Ulanov/Kateryna_Isakovich,CYP,35.33
31,17,Matteo_Cicchitti/Simona_Brecikova,SVK,35.25
172,19,Evgeny_Sveridonov/Angelina_Barkova,RUS,35.17
7,16,Ivan_Varfolomeev/Valeria_Remina,RUS,35.17
170,18,Winson_Tam/Anastasia_Novikova,CAN,34.92
8,20,Anton_Besedin/Ekaterina_Strelkova,RUS,34.75
163,21,Leonid_Khokhlov/Aleksandra_Shoshneva,RUS,34.67
173,22,Dominykas_Granskas/Helene_Spilling,NOR,34.67
169,23,Alessandro_Bosco/Laura_Nolan,IRL,34.58
27,24,Konstantin_Gorodilov/Dominika_Bergmannova,EST,34.33
