start number,rank,name,country,score
158,1,Armen_Tsaturyan / Svetlana_Gudyno,RUS,38.75
20,2,Marius-andrei_Balan / Khrystyna_Moshenska,GER,37.83
49,2,Timur_Imametdinov / Nina_Bezzubova,GER,37.83
134,4,Andrey_Gusev / Vera_Bondareva,RUS,37.25
159,5,Charles-guillaume_Schmitt / Elena_Salikhova,FRA,37.08
46,6,Edgar_Marcos Borjas / Alina_Nowak,POL,36.42
81,7,Umberto_Gaudino / Louise_Heise,DEN,36.33
9,8,Anton_Aldaev / Natalia_Polukhina,RUS,35.75
48,8,Jakub_Lipowski / Illes_Diandra-aniela,POL,35.75
3,10,Konstantin_Gorodilov / Dominika_Bergmannova,EST,35.58
79,11,Timur_Yusupov / Sofia_Kharina,RUS,35.17
164,12,Vincenzo_Mariniello / Sara_Casini,ITA,34.92
