Back Number,Rank,Couple Name,Country,Dance Score
11,1,Dmitry_Zharkov/Olga_Kulikova,RUS,38.50
161,2,Evaldas_Sodeika/Ieva_Zukauskaite,LTU,38.25
162,3,Francesco_Galupoo?/Debora_Pacini?,ITA,38.17
5,4,Evgeny_Moshenin/Dana_Spitsyna,RUS,37.58
10,5,Alexey_Glukhov/Anastasiia_Glazunova,RUS,37.17
6,8,Evgeny_Nikitin/Anastasia_Miliutina,RUS,36.58
28,7,Madis_Abel/Aleksandra_Galkina,EST,36.58
174,6,Edgars_Linis/Eliza_Ancane,LVA,36.42
14,9,Tomas_Fainsil/Violetta_Posmetnaya,GER,36.17
166,11,Vasily_Kirin/Ekaterina_Prozorova,AUT,36.00
13,12,Anton_Skuratov/Alena_Uehlin,GER,35.92
165,10,Vadim_Shurin/Anastasia_Meshkova,LVA,35.83
20,13,Dariusz_Mycka/Madara_Freiberga,POL,35.75
59,14,Yuming_Qiu?/Liying_Wei?,CHN,35.42
170,17,Winson_Tam/Anastasia_Novikova,CAN,35.33
172,19,Evgeny_Sveridonov/Angelina_Barkova,RUS,35.17
31,18,Matteo_Cicchitti/Simona_Brecikova,SVK,35.08
7,16,Ivan_Varfolomeev/Valeria_Remina,RUS,35.00
8,20,Anton_Besedin/Ekaterina_Strelkova,RUS,35.00
25,15,Daniil_Ulanov/Kateryna_Isakovich,CYP,34.92
163,21,Leonid_Khokhlov/Aleksandra_Shoshneva,RUS,34.75
169,23,Alessandro_Bosco/Laura_Nolan,IRL,34.50
173,22,Dominykas_Granskas/Helene_Spilling,NOR,34.42
27,24,Konstantin_Gorodilov/Dominika_Bergmannova,EST,34.17
