start number,rank,name,country,score
158,1,Armen_Tsaturyan / Svetlana_Gudyno,RUS,38.75
20,2,Marius-andrei_Balan / Khrystyna_Moshenska,GER,37.83
49,3,Timur_Imametdinov / Nina_Bezzubova,GER,37.42
134,4,Andrey_Gusev / Vera_Bondareva,RUS,37.17
159,5,Charles-guillaume_Schmitt / Elena_Salikhova,FRA,37.08
46,6,Edgar_Marcos Borjas / Alina_Nowak,POL,36.67
81,7,Umberto_Gaudino / Louise_Heise,DEN,36.50
9,8,Anton_Aldaev / Natalia_Polukhina,RUS,35.58
3,9,Konstantin_Gorodilov / Dominika_Bergmannova,EST,35.58
48,10,Jakub_Lipowski / Illes_Diandra-aniela,POL,35.50
164,11,Vincenzo_Mariniello / Sara_Casini,ITA,35.42
79,12,Timur_Yusupov / Sofia_Kharina,RUS,35.33
73,13,Paul_Moldovan / Cristina_Tatar,ROU,34.92
93,14,Vito_Coppola / Oona_Oinas,ITA,34.83
10,15,Marek_Bures / Anastasiia_Iermolenko,CZE,34.75
84,16,Artur_Balandin / Anna_Salita,GER,34.25
125,17,Winson_Tam / Anastasia_Novikova,CAN,34.08
64,18,Razvan_Dumitrescu / Jacqueline_Joos,GER,33.42
75,19,Eric_Testa / Federica_Brezzo,ITA,33.33
113,19,Dumitru_Cernei / Oxana_Kononova,GER,33.33
69,21,Jokubas_Venckus / Migle_Klupsaite,LTU,33.08
129,21,Mikhail_Koptev / Alexandra_Atamantseva,RUS,33.08
18,23,Stefano_Mendolia / Alexandra_Koldan,ITA,32.67
61,24,Semen_Khrzhanovskiy / Elizaveta_Lykhina,RUS,32.58
