158;Armen;Tsaturyon ;Svetlana;Gudyno;RUS
20;Marius-andrei;Balan ;Khrystyna;Moshenska;GER
49;Timur;Imametdinov ;Nina;Bezzubova;GER
134;Andrey;Gusev ;Vera;Bondareva;RUS
159;Charles-guillaume;Schmitt ;Elena;Salikhova;FRA
46;Edgar;Borjas ;Alina;Nowak;POL
81;Umberto;Gaudino ;Louise; Heise;DEN
9;Anto;Aldaev ;Natalia;Polukhina;RUS
48;Jakub;Lipowski ;Illes;Diandra-aniela;POL
3;Konstantin;Gorodilov ;Dominika;Bergmannova;EST
79;Timur ;Yusupov ;Sofia;Kharina;RUS
164;Vincenzo;Mariniello ;Sara;Casini;ITA
