15;Lubomir;Kozel;Adela;Sirocakova;CZE;Lubomir Kozel - Adela Sirocakova
19;Enzo;Capuozzo;Antonietta;Carusone;ALB;Enzo Capuozzo - Antonietta Carusone
35;Dominic;Thutewohl;Mariann;Thutewohl;GER;Dominic Thutewohl - Mariann Thutewohl
36;Federico;Del Vescovo;Marta;Belloni;ITA;Federico Del Vescovo - Marta Belloni
38;Gennaro;Galasso;Lucia;Iacomino;ITA;Gennaro Galasso - Lucia Iacomino
51;Georgy;Yuriev;Valeria;Suvorova;RUS;Georgy Yuriev - Valeria Suvorova
62;Alessandro;Bertolini;Anna;Pirani;ITA;Alessandro Bertolini - Anna Pirani
63;Tommaso;Clementi;Valentina;Sopranzi;ITA;Tommaso Clementi - Valentina Sopranzi
70;Stefano;Solimeno;Mirjam;Varsallona;ITA;Stefano Solimeno - Mirjam Varsallona
77;Alessio;Minerva;Dalila;Longo;ITA;Alessio Minerva - Dalila Longo
78;Castelli;Federico;Giulia;Santi;ITA;Castelli Federico - Giulia Santi
87;Emanuele;Nucciotti;Natascia;Scocchi;;Emanuele Nucciotti - Natascia Scocchi
88;Cristian;Malanga;Serino;Giusy;ITA;Cristian Malanga - Serino Giusy
91;Braian Francesco;Di Paola;Giulia;Spelta;ITA;Braian Francesco Di Paola - Giulia Spelta
108;Nicola;Di Cosola;Maryna;Muliar;ITA;Nicola Di Cosola - Maryna Muliar
114;Christian;Antoniol;Victoria;Secrieru;ITA;Christian Antoniol - Victoria Secrieru
118;Luca;Scalzo;Arianna;Murri;ITA;Luca Scalzo - Arianna Murri
121;Manuele;Lupo;Barbara;Basso;ITA;Manuele Lupo - Barbara Basso
127;Diego;Costantini;Marta;Costantini;ITA;Diego Costantini - Marta Costantini
135;Domenico;Ameglio;Gaia;Serpini;ITA;Domenico Ameglio - Gaia Serpini
141;Alessandro;Cometa;Alessia;Ludovico;ITA;Alessandro Cometa - Alessia Ludovico
144;Giacomo;Giuffrida;Letizia;Bulleri;ITA;Giacomo Giuffrida - Letizia Bulleri
146;Riccardo;Musetti;Susanna;Cagnoni;ITA;Riccardo Musetti - Susanna Cagnoni
147;Simone;Improta;Suana;Postiglione;ITA;Simone Improta - Suana Postiglione
152;Giorgio;De Ponti;Michaela;Ruggiero;ITA;Giorgio De Ponti - Michaela Ruggiero
155;Simone;Gallinella;Camilla;Di Trani;ITA;Simone Gallinella - Camilla Di Trani
161;Davide;Fadda;Alessia;Cossu;ITA;Davide Fadda - Alessia Cossu
165;David;Steindl;Lydia;Kager;AUT;David Steindl - Lydia Kager
170;Andrea;Duca;Sonia;Pia;ITA;Andrea Duca - Sonia Pia
176;Raffaele;Di Muro;Teresa;Montano;ITA;Raffaele Di Muro - Teresa Montano
