start number,rank,name,country,score
158,1,Armen_Tsaturyon / Svetlana_Gudyno,RUS,77.42
20,2,Marius-andrei_Balan / Khrystyna_Moshenska,GER,75.75
49,3,Timur_Imametdinov / Nina_Bezzubova,GER,75.50
134,4,Andrey_Gusev / Vera_Bondareva,RUS,74.67
159,5,Charles-guillaume_Schmitt / Elena_Salikhova,FRA,74.17
46,6,Edgar_Marcos Borjas / Alina_Nowak,POL,72.92
81,7,Umberto_Gaudino / Louise_Heise,DEN,72.58
9,8,Anton_Aldaev / Natalia_Polukhina,RUS,71.33
48,8,Jakub_Lipowski / Illes_Diandra-aniela,POL,71.33
3,10,Konstantin_Gorodilov / Dominika_Bergmannova,EST,70.91
79,11,Timur_Yusupov / Sofia_Kharina,RUS,70.33
164,12,Vincenzo_Mariniello / Sara_Casini,ITA,69.75
