Back Number,Rank,Couple Name,Country,Dance Score
11,1,Dmitry_Zharkov/Olga_Kulikova,RUS,38.67
161,2,Evaldas_Sodeika/Ieva_Zukauskaite,LTU,38.33
162,3,Francesco_Galupoo?/Debora_Pacini?,ITA,37.83
5,4,Evgeny_Moshenin/Dana_Spitsyna,RUS,37.75
10,5,Alexey_Glukhov/Anastasiia_Glazunova,RUS,37.08
174,6,Edgars_Linis/Eliza_Ancane,LVA,36.67
6,8,Evgeny_Nikitin/Anastasia_Miliutina,RUS,36.58
28,7,Madis_Abel/Aleksandra_Galkina,EST,36.50
165,9,Vadim_Shurin/Anastasia_Meshkova,LVA,36.17
14,10,Tomas_Fainsil/Violetta_Posmetnaya,GER,35.92
13,12,Anton_Skuratov/Alena_Uehlin,GER,35.75
166,11,Vasily_Kirin/Ekaterina_Prozorova,AUT,35.67
59,13,Yuming_Qiu?/Liying_Wei?,CHN,35.50
20,14,Dariusz_Mycka/Madara_Freiberga,POL,35.33
7,15,Ivan_Varfolomeev/Valeria_Remina,RUS,35.25
170,17,Winson_Tam/Anastasia_Novikova,CAN,35.17
25,15,Daniil_Ulanov/Kateryna_Isakovich,CYP,35.00
31,18,Matteo_Cicchitti/Simona_Brecikova,SVK,34.83
163,20,Leonid_Khokhlov/Aleksandra_Shoshneva,RUS,34.75
172,19,Evgeny_Sveridonov/Angelina_Barkova,RUS,34.67
27,24,Konstantin_Gorodilov/Dominika_Bergmannova,EST,34.58
8,21,Anton_Besedin/Ekaterina_Strelkova,RUS,34.58
173,22,Dominykas_Granskas/Helene_Spilling,NOR,34.33
169,23,Alessandro_Bosco/Laura_Nolan,IRL,34.17
