15;Lubomir;Kozel;Adela;Sirocakova;CZE;Lubomir Kozel - Adela Sirocakova
18;Stefano;Mendolia;Alexandra;Koldan;ITA;Stefano Mendolia - Alexandra Koldan
19;Enzo;Capuozzo;Antonietta;Carusone;ALB;Enzo Capuozzo - Antonietta Carusone
23;Manuel;Longhitano;Moira;Lorenzon;ITA;Manuel Longhitano - Moira Lorenzon
35;Dominic;Thutewohl;Mariann;Thutewohl;GER;Dominic Thutewohl - Mariann Thutewohl
36;Federico;Del Vescovo;Marta;Belloni;ITA;Federico Del Vescovo - Marta Belloni
38;Gennaro;Galasso;Lucia;Iacomino;ITA;Gennaro Galasso - Lucia Iacomino
48;Jakub;Lipowski;Illes;Diandra-aniela;POL;Jakub Lipowski - Illes Diandra-aniela
51;Georgy;Yuriev;Valeria;Suvorova;RUS;Georgy Yuriev - Valeria Suvorova
57;Tomas;Gal;Sabina;Karaskova;CZE;Tomas Gal - Sabina Karaskova
61;Semen;Khrzhanovskiy;Elizaveta;Lykhina;RUS;Semen Khrzhanovskiy - Elizaveta Lykhina
62;Alessandro;Bertolini;Anna;Pirani;ITA;Alessandro Bertolini - Anna Pirani
63;Tommaso;Clementi;Valentina;Sopranzi;ITA;Tommaso Clementi - Valentina Sopranzi
64;Razvan;Dumitrescu;Jacqueline;Joos;GER;Razvan Dumitrescu - Jacqueline Joos
69;Jokubas;Venckus;Migle;Klupsaite;LTU;Jokubas Venckus - Migle Klupsaite
70;Stefano;Solimeno;Mirjam;Varsallona;ITA;Stefano Solimeno - Mirjam Varsallona
75;Eric;Testa;Federica;Brezzo;ITA;Eric Testa - Federica Brezzo
77;Alessio;Minerva;Dalila;Longo;ITA;Alessio Minerva - Dalila Longo
78;Castelli;Federico;Giulia;Santi;ITA;Castelli Federico - Giulia Santi
83;Luigi;Donadeo;Sara;Notaro;ITA;Luigi Donadeo - Sara Notaro
84;Artur;Balandin;Anna;Salita;GER;Artur Balandin - Anna Salita
87;Emanuele;Nucciotti;Natascia;Scocchi;;Emanuele Nucciotti - Natascia Scocchi
88;Cristian;Malanga;Serino;Giusy;ITA;Cristian Malanga - Serino Giusy
91;Braian Francesco;Di Paola;Giulia;Spelta;ITA;Braian Francesco Di Paola - Giulia Spelta
93;Vito;Coppola;Oona;Oinas;ITA;Vito Coppola - Oona Oinas
95;Francesco;Esposito;Svetlana;Kostenko;ITA;Francesco Esposito - Svetlana Kostenko
99;Nicholas;Leandro;Sophie;Papagni;ITA;Nicholas Leandro - Sophie Papagni
108;Nicola;Di Cosola;Maryna;Muliar;ITA;Nicola Di Cosola - Maryna Muliar
113;Dumitru;Cernei;Oxana;Kononova;GER;Dumitru Cernei - Oxana Kononova
114;Christian;Antoniol;Victoria;Secrieru;ITA;Christian Antoniol - Victoria Secrieru
118;Luca;Scalzo;Arianna;Murri;ITA;Luca Scalzo - Arianna Murri
119;Valentin Alexandru;Dumitru;Nicole;Civita;ITA;Valentin Alexandru Dumitru - Nicole Civita
121;Manuele;Lupo;Barbara;Basso;ITA;Manuele Lupo - Barbara Basso
122;Vladislav;Khait;Ilenia Pia;Mancuso;ITA;Vladislav Khait - Ilenia Pia Mancuso
125;Winson;Tam;Anastasia;Novikova;CAN;Winson Tam - Anastasia Novikova
127;Diego;Costantini;Marta;Costantini;ITA;Diego Costantini - Marta Costantini
128;Lorenzo;Molitierno;Yana;Koroleva;ITA;Lorenzo Molitierno - Yana Koroleva
129;Mikhail;Koptev;Alexandra;Atamantseva;RUS;Mikhail Koptev - Alexandra Atamantseva
135;Domenico;Ameglio;Gaia;Serpini;ITA;Domenico Ameglio - Gaia Serpini
141;Alessandro;Cometa;Alessia;Ludovico;ITA;Alessandro Cometa - Alessia Ludovico
144;Giacomo;Giuffrida;Letizia;Bulleri;ITA;Giacomo Giuffrida - Letizia Bulleri
146;Riccardo;Musetti;Susanna;Cagnoni;ITA;Riccardo Musetti - Susanna Cagnoni
147;Simone;Improta;Suana;Postiglione;ITA;Simone Improta - Suana Postiglione
152;Giorgio;De Ponti;Michaela;Ruggiero;ITA;Giorgio De Ponti - Michaela Ruggiero
153;Victor;Bychkov;Alina;Atamanchuk;RUS;Victor Bychkov - Alina Atamanchuk
155;Simone;Gallinella;Camilla;Di Trani;ITA;Simone Gallinella - Camilla Di Trani
156;Davide;Corrodi;Maja;Kucharczyk;SUI;Davide Corrodi - Maja Kucharczyk
161;Davide;Fadda;Alessia;Cossu;ITA;Davide Fadda - Alessia Cossu
164;Vincenzo;Mariniello;Sara;Casini;ITA;Vincenzo Mariniello - Sara Casini
165;David;Steindl;Lydia;Kager;AUT;David Steindl - Lydia Kager
167;Andrea;Roccatti;Flaminia;Iannone;ITA;Andrea Roccatti - Flaminia Iannone
170;Andrea;Duca;Sonia;Pia;ITA;Andrea Duca - Sonia Pia
172;Alexandr;Ryabtsev;Maria;Oblakova;RUS;Alexandr Ryabtsev - Maria Oblakova
174;Arthur;Ankerstein;Georgiana;Barbu;GER;Arthur Ankerstein - Georgiana Barbu
176;Raffaele;Di Muro;Teresa;Montano;ITA;Raffaele Di Muro - Teresa Montano
