start number,rank,name,country,score
158,1,Armen_Tsaturyan / Svetlana_Gudyno,RUS,38.67
20,2,Marius-andrei_Balan / Khrystyna_Moshenska,GER,38.08
49,3,Timur_Imametdinov / Nina_Bezzubova,GER,37.50
134,4,Andrey_Gusev / Vera_Bondareva,RUS,37.17
159,5,Charles-guillaume_Schmitt / Elena_Salikhova,FRA,37.08
46,6,Edgar_Marcos Borjas / Alina_Nowak,POL,36.25
81,7,Umberto_Gaudino / Louise_Heise,DEN,36.00
3,8,Konstantin_Gorodilov / Dominika_Bergmannova,EST,35.92
48,9,Jakub_Lipowski / Illes_Diandra-aniela,POL,35.75
9,10,Anton_Aldaev / Natalia_Polukhina,RUS,35.58
79,11,Timur_Yusupov / Sofia_Kharina,RUS,35.25
164,12,Vincenzo_Mariniello / Sara_Casini,ITA,34.92
93,13,Vito_Coppola / Oona_Oinas,ITA,34.83
10,14,Marek_Bures / Anastasiia_Iermolenko,CZE,34.42
73,15,Paul_Moldovan / Cristina_Tatar,ROU,34.42
84,16,Artur_Balandin / Anna_Salita,GER,34.33
125,17,Winson_Tam / Anastasia_Novikova,CAN,34.08
69,18,Jokubas_Venckus / Migle_Klupsaite,LTU,33.58
129,19,Mikhail_Koptev / Alexandra_Atamantseva,RUS,33.42
64,20,Razvan_Dumitrescu / Jacqueline_Joos,GER,33.33
75,20,Eric_Testa / Federica_Brezzo,ITA,33.33
113,22,Dumitru_Cernei / Oxana_Kononova,GER,33.25
18,23,Stefano_Mendolia / Alexandra_Koldan,ITA,32.92
61,23,Semen_Khrzhanovskiy / Elizaveta_Lykhina,RUS,32.92
