Back Number,Rank,Couple Name,Country,Dance Score
11,1,Dmitry_Zharkov/Olga_Kulikova,RUS,38.42
161,2,Evaldas_Sodeika/Ieva_Zukauskaite,LTU,38.17
162,3,Francesco_Galupoo?/Debora_Pacini?,ITA,37.92
5,4,Evgeny_Moshenin/Dana_Spitsyna,RUS,37.67
10,5,Alexey_Glukhov/Anastasiia_Glazunova,RUS,37.08
28,6,Madis_Abel/Aleksandra_Galkina,EST,36.67
174,6,Edgars_Linis/Eliza_Ancane,LVA,36.67
6,8,Evgeny_Nikitin/Anastasia_Miliutina,RUS,36.25
14,9,Tomas_Fainsil/Violetta_Posmetnaya,GER,36.00
166,9,Vasily_Kirin/Ekaterina_Prozorova,AUT,36.00
165,11,Vadim_Shurin/Anastasia_Meshkova,LVA,35.83
13,12,Anton_Skuratov/Alena_Uehlin,GER,35.58
59,13,Yuming_Qiu?/Liying_Wei?,CHN,35.42
20,14,Dariusz_Mycka/Madara_Freiberga,POL,35.25
25,14,Daniil_Ulanov/Kateryna_Isakovich,CYP,35.25
7,16,Ivan_Varfolomeev/Valeria_Remina,RUS,35.00
31,16,Matteo_Cicchitti/Simona_Brecikova,SVK,35.00
170,16,Winson_Tam/Anastasia_Novikova,CAN,35.00
172,19,Evgeny_Sveridonov/Angelina_Barkova,RUS,34.67
169,20,Alessandro_Bosco/Laura_Nolan,IRL,34.50
163,21,Leonid_Khokhlov/Aleksandra_Shoshneva,RUS,34.42
173,21,Dominykas_Granskas/Helene_Spilling,NOR,34.42
8,21,Anton_Besedin/Ekaterina_Strelkova,RUS,34.42
27,24,Konstantin_Gorodilov/Dominika_Bergmannova,EST,33.75
