3;Konstantin;Gorodilov;Dominika;Bergmannova;EST;Konstantin Gorodilov - Dominika Bergmannova
9;Anton;Aldaev;Natalia;Polukhina;RUS;Anton Aldaev - Natalia Polukhina
10;Marek;Bures;Anastasiia;Iermolenko;CZE;Marek Bures - Anastasiia Iermolenko
15;Lubomir;Kozel;Adela;Sirocakova;CZE;Lubomir Kozel - Adela Sirocakova
18;Stefano;Mendolia;Alexandra;Koldan;ITA;Stefano Mendolia - Alexandra Koldan
20;Marius-andrei;Balan;Khrystyna;Moshenska;GER;Marius-andrei Balan - Khrystyna Moshenska
23;Manuel;Longhitano;Moira;Lorenzon;ITA;Manuel Longhitano - Moira Lorenzon
46;Edgar;Marcos Borjas;Alina;Nowak;POL;Edgar Marcos Borjas - Alina Nowak
48;Jakub;Lipowski;Illes;Diandra-aniela;POL;Jakub Lipowski - Illes Diandra-aniela
49;Timur;Imametdinov;Nina;Bezzubova;GER;Timur Imametdinov - Nina Bezzubova
51;Georgy;Yuriev;Valeria;Suvorova;RUS;Georgy Yuriev - Valeria Suvorova
57;Tomas;Gal;Sabina;Karaskova;CZE;Tomas Gal - Sabina Karaskova
61;Semen;Khrzhanovskiy;Elizaveta;Lykhina;RUS;Semen Khrzhanovskiy - Elizaveta Lykhina
64;Razvan;Dumitrescu;Jacqueline;Joos;GER;Razvan Dumitrescu - Jacqueline Joos
69;Jokubas;Venckus;Migle;Klupsaite;LTU;Jokubas Venckus - Migle Klupsaite
73;Paul;Moldovan;Cristina;Tatar;ROU;Paul Moldovan - Cristina Tatar
75;Eric;Testa;Federica;Brezzo;ITA;Eric Testa - Federica Brezzo
78;Castelli;Federico;Giulia;Santi;ITA;Castelli Federico - Giulia Santi
79;Timur;Yusupov;Sofia;Kharina;RUS;Timur Yusupov - Sofia Kharina
81;Umberto;Gaudino;Louise;Heise;DEN;Umberto Gaudino - Louise Heise
83;Luigi;Donadeo;Sara;Notaro;ITA;Luigi Donadeo - Sara Notaro
84;Artur;Balandin;Anna;Salita;GER;Artur Balandin - Anna Salita
93;Vito;Coppola;Oona;Oinas;ITA;Vito Coppola - Oona Oinas
95;Francesco;Esposito;Svetlana;Kostenko;ITA;Francesco Esposito - Svetlana Kostenko
99;Nicholas;Leandro;Sophie;Papagni;ITA;Nicholas Leandro - Sophie Papagni
108;Nicola;Di Cosola;Maryna;Muliar;ITA;Nicola Di Cosola - Maryna Muliar
113;Dumitru;Cernei;Oxana;Kononova;GER;Dumitru Cernei - Oxana Kononova
114;Christian;Antoniol;Victoria;Secrieru;ITA;Christian Antoniol - Victoria Secrieru
118;Luca;Scalzo;Arianna;Murri;ITA;Luca Scalzo - Arianna Murri
119;Valentin Alexandru;Dumitru;Nicole;Civita;ITA;Valentin Alexandru Dumitru - Nicole Civita
121;Manuele;Lupo;Barbara;Basso;ITA;Manuele Lupo - Barbara Basso
122;Vladislav;Khait;Ilenia Pia;Mancuso;ITA;Vladislav Khait - Ilenia Pia Mancuso
125;Winson;Tam;Anastasia;Novikova;CAN;Winson Tam - Anastasia Novikova
127;Diego;Costantini;Marta;Costantini;ITA;Diego Costantini - Marta Costantini
128;Lorenzo;Molitierno;Yana;Koroleva;ITA;Lorenzo Molitierno - Yana Koroleva
129;Mikhail;Koptev;Alexandra;Atamantseva;RUS;Mikhail Koptev - Alexandra Atamantseva
134;Andrey;Gusev;Vera;Bondareva;RUS;Andrey Gusev - Vera Bondareva
135;Domenico;Ameglio;Gaia;Serpini;ITA;Domenico Ameglio - Gaia Serpini
141;Alessandro;Cometa;Alessia;Ludovico;ITA;Alessandro Cometa - Alessia Ludovico
144;Giacomo;Giuffrida;Letizia;Bulleri;ITA;Giacomo Giuffrida - Letizia Bulleri
153;Victor;Bychkov;Alina;Atamanchuk;RUS;Victor Bychkov - Alina Atamanchuk
156;Davide;Corrodi;Maja;Kucharczyk;SUI;Davide Corrodi - Maja Kucharczyk
158;Armen;Tsaturyan;Svetlana;Gudyno;RUS;Armen Tsaturyan - Svetlana Gudyno
159;Charles-guillaume;Schmitt;Elena;Salikhova;FRA;Charles-guillaume Schmitt - Elena Salikhova
164;Vincenzo;Mariniello;Sara;Casini;ITA;Vincenzo Mariniello - Sara Casini
167;Andrea;Roccatti;Flaminia;Iannone;ITA;Andrea Roccatti - Flaminia Iannone
172;Alexandr;Ryabtsev;Maria;Oblakova;RUS;Alexandr Ryabtsev - Maria Oblakova
174;Arthur;Ankerstein;Georgiana;Barbu;GER;Arthur Ankerstein - Georgiana Barbu
