3;Konstantin;Gorodilov;Dominika;Bergmannova;EST;Konstantin Gorodilov - Dominika Bergmannova
9;Anton;Aldaev;Natalia;Polukhina;RUS;Anton Aldaev - Natalia Polukhina
10;Marek;Bures;Anastasiia;Iermolenko;CZE;Marek Bures - Anastasiia Iermolenko
18;Stefano;Mendolia;Alexandra;Koldan;ITA;Stefano Mendolia - Alexandra Koldan
20;Marius-andrei;Balan;Khrystyna;Moshenska;GER;Marius-andrei Balan - Khrystyna Moshenska
46;Edgar;Marcos Borjas;Alina;Nowak;POL;Edgar Marcos Borjas - Alina Nowak
48;Jakub;Lipowski;Illes;Diandra-aniela;POL;Jakub Lipowski - Illes Diandra-aniela
49;Timur;Imametdinov;Nina;Bezzubova;GER;Timur Imametdinov - Nina Bezzubova
61;Semen;Khrzhanovskiy;Elizaveta;Lykhina;RUS;Semen Khrzhanovskiy - Elizaveta Lykhina
64;Razvan;Dumitrescu;Jacqueline;Joos;GER;Razvan Dumitrescu - Jacqueline Joos
69;Jokubas;Venckus;Migle;Klupsaite;LTU;Jokubas Venckus - Migle Klupsaite
73;Paul;Moldovan;Cristina;Tatar;ROU;Paul Moldovan - Cristina Tatar
75;Eric;Testa;Federica;Brezzo;ITA;Eric Testa - Federica Brezzo
79;Timur;Yusupov;Sofia;Kharina;RUS;Timur Yusupov - Sofia Kharina
81;Umberto;Gaudino;Louise;Heise;DEN;Umberto Gaudino - Louise Heise
84;Artur;Balandin;Anna;Salita;GER;Artur Balandin - Anna Salita
93;Vito;Coppola;Oona;Oinas;ITA;Vito Coppola - Oona Oinas
113;Dumitru;Cernei;Oxana;Kononova;GER;Dumitru Cernei - Oxana Kononova
125;Winson;Tam;Anastasia;Novikova;CAN;Winson Tam - Anastasia Novikova
129;Mikhail;Koptev;Alexandra;Atamantseva;RUS;Mikhail Koptev - Alexandra Atamantseva
134;Andrey;Gusev;Vera;Bondareva;RUS;Andrey Gusev - Vera Bondareva
158;Armen;Tsaturyan;Svetlana;Gudyno;RUS;Armen Tsaturyan - Svetlana Gudyno
159;Charles-guillaume;Schmitt;Elena;Salikhova;FRA;Charles-guillaume Schmitt - Elena Salikhova
164;Vincenzo;Mariniello;Sara;Casini;ITA;Vincenzo Mariniello - Sara Casini
