Back Number,Rank,Couple Name,Country,Dance Score
11,1,Dmitry_Zharkov/Olga_Kulikova,RUS,38.58
161,2,Evaldas_Sodeika/Ieva_Zukauskaite,LTU,38.27
162,3,Francesco_Galupoo?/Debora_Pacini?,ITA,38.08
5,4,Evgeny_Moshenin/Dana_Spitsyna,RUS,37.75
10,5,Alexey_Glukhov/Anastasiia_Glazunova,RUS,37.17
28,7,Madis_Abel/Aleksandra_Galkina,EST,36.62
14,9,Tomas_Fainsil/Violetta_Posmetnaya,GER,36.52
174,6,Edgars_Linis/Eliza_Ancane,LVA,36.50
6,8,Evgeny_Nikitin/Anastasia_Miliutina,RUS,36.50
165,10,Vadim_Shurin/Anastasia_Meshkova,LVA,36.00
166,11,Vasily_Kirin/Ekaterina_Prozorova,AUT,35.92
59,13,Yuming_Qiu?/Liying_Wei?,CHN,35.57
20,14,Dariusz_Mycka/Madara_Freiberga,POL,35.50
13,12,Anton_Skuratov/Alena_Uehlin,GER,35.42
25,15,Daniil_Ulanov/Kateryna_Isakovich,CYP,35.25
172,19,Evgeny_Sveridonov/Angelina_Barkova,RUS,35.08
7,16,Ivan_Varfolomeev/Valeria_Remina,RUS,35.00
31,18,Matteo_Cicchitti/Simona_Brecikova,SVK,34.97
170,17,Winson_Tam/Anastasia_Novikova,CAN,34.92
8,20,Anton_Besedin/Ekaterina_Strelkova,RUS,34.92
163,21,Leonid_Khokhlov/Aleksandra_Shoshneva,RUS,34.65
173,22,Dominykas_Granskas/Helene_Spilling,NOR,34.50
27,23,Konstantin_Gorodilov/Dominika_Bergmannova,EST,34.50
169,24,Alessandro_Bosco/Laura_Nolan,IRL,34.17
