start number,rank,name,country,score
158,1,Armen_Tsaturyan / Svetlana_Gudyno,RUS,38.50
20,2,Marius-andrei_Balan / Khrystyna_Moshenska,GER,37.75
49,3,Timur_Imametdinov / Nina_Bezzubova,GER,37.67
134,4,Andrey_Gusev / Vera_Bondareva,RUS,37.33
159,5,Charles-guillaume_Schmitt / Elena_Salikhova,FRA,36.92
81,6,Umberto_Gaudino / Louise_Heise,DEN,36.58
46,7,Edgar_Marcos Borjas / Alina_Nowak,POL,36.42
3,8,Konstantin_Gorodilov / Dominika_Bergmannova,EST,35.83
48,8,Jakub_Lipowski / Illes_Diandra-aniela,POL,35.83
9,10,Anton_Aldaev / Natalia_Polukhina,RUS,35.50
93,11,Vito_Coppola / Oona_Oinas,ITA,35.33
79,12,Timur_Yusupov / Sofia_Kharina,RUS,35.25
164,13,Vincenzo_Mariniello / Sara_Casini,ITA,35.08
10,14,Marek_Bures / Anastasiia_Iermolenko,CZE,34.83
73,15,Paul_Moldovan / Cristina_Tatar,ROU,34.67
84,16,Artur_Balandin / Anna_Salita,GER,34.50
125,17,Winson_Tam / Anastasia_Novikova,CAN,34.08
64,18,Razvan_Dumitrescu / Jacqueline_Joos,GER,34.00
129,19,Mikhail_Koptev / Alexandra_Atamantseva,RUS,33.50
69,20,Jokubas_Venckus / Migle_Klupsaite,LTU,33.42
113,21,Dumitru_Cernei / Oxana_Kononova,GER,33.33
75,22,Eric_Testa / Federica_Brezzo,ITA,33.00
61,23,Semen_Khrzhanovskiy / Elizaveta_Lykhina,RUS,32.83
18,24,Stefano_Mendolia / Alexandra_Koldan,ITA,32.75
