start number,rank,name,country,score
66,1,Dmitry_Zharkov/Olga_Kulikova,RUS,0
63,2,Evaldas_Sodeika/Ieva_Zukauskaite,LTU,0
70,3,Francesco_Galuppo/Debora_Pacini,ITA,0
39,4,Vaidotas_Lacitis/Veronika_Golodneva,LTU,0
28,5,Alexey_Glukhov/Anastasia_Glazunova,RUS,0
62,6,Anton_Skuratov/Alena_Uehlin,GER,0
35,7,Vasily_Kirin/Ekaterina_Prozorova,AUT,0
10,8,Madis_Abel/Aleksandra_Galkina,EST,0
25,9,Pasquale_Farina/Sofie_Koborg,DEN,0
41,10,Edgars_Linis/Eliza_Ancane,LAT,0
59,11,Vadim_Shurin/Anastasia_Meshkova,LAT,0
24,12,Dumitru_Doga/Sarah_Ertmer,GER,0
