start number,rank,name,country,score
158,1,Armen_Tsaturyan / Svetlana_Gudyno,RUS,38.42
20,2,Marius-andrei_Balan / Khrystyna_Moshenska,GER,37.83
49,3,Timur_Imametdinov / Nina_Bezzubova,GER,37.58
134,4,Andrey_Gusev / Vera_Bondareva,RUS,37.08
159,5,Charles-guillaume_Schmitt / Elena_Salikhova,FRA,37.00
46,6,Edgar_Marcos Borjas / Alina_Nowak,POL,36.42
3,7,Konstantin_Gorodilov / Dominika_Bergmannova,EST,36.25
81,7,Umberto_Gaudino / Louise_Heise,DEN,36.25
48,9,Jakub_Lipowski / Illes_Diandra-aniela,POL,35.67
79,10,Timur_Yusupov / Sofia_Kharina,RUS,35.25
164,10,Vincenzo_Mariniello / Sara_Casini,ITA,35.25
9,12,Anton_Aldaev / Natalia_Polukhina,RUS,35.17
93,13,Vito_Coppola / Oona_Oinas,ITA,35.00
73,14,Paul_Moldovan / Cristina_Tatar,ROU,34.75
10,15,Marek_Bures / Anastasiia_Iermolenko,CZE,34.58
84,16,Artur_Balandin / Anna_Salita,GER,34.33
125,17,Winson_Tam / Anastasia_Novikova,CAN,34.00
64,18,Razvan_Dumitrescu / Jacqueline_Joos,GER,33.58
113,19,Dumitru_Cernei / Oxana_Kononova,GER,33.42
129,20,Mikhail_Koptev / Alexandra_Atamantseva,RUS,33.25
69,21,Jokubas_Venckus / Migle_Klupsaite,LTU,33.00
61,22,Semen_Khrzhanovskiy / Elizaveta_Lykhina,RUS,32.92
75,22,Eric_Testa / Federica_Brezzo,ITA,32.92
18,24,Stefano_Mendolia / Alexandra_Koldan,ITA,32.67
